age;plot;genus;species;spcode;Abund.n;biomass;basal.area;SLA;LDMC;LPC;CN;d15N;d13C;plot total abund;total plot biomass;total plot basal area
10;1;Byrsonima;crassifolia;Byrcra;57;1.205.364.427;3.978.387;6.209.219.184;0.447038449;0.043918846;4.542.962.045;-0.360118799;-2.759.379.082;108;7.127.043.394;1.642.445.438
10;1;Cochlospermum;vitifolium;cocvit;2;2.742.354.588;1.248.975;;;;;;;108;7.127.043.394;1.642.445.438
10;1;Curatella;americana;curame;42;5.872.708.237;122.620.365;2.966.209.655;0.440149615;0.061617147;3.841.891.892;-0.751106553;-2.857.336.502;108;7.127.043.394;1.642.445.438
10;1;Genipa;americana;gename;1;1.048.466.198;4.921.875;;;;;;;108;7.127.043.394;1.642.445.438
10;1;Roupala;montana;roumon;6;4.517.990.891;16.661.925;1.452.968.954;0.536842152;0.032469035;3.507.534.026;5.507.130.966;-2.939.001.709;108;7.127.043.394;1.642.445.438
10;2;Alibertia ;edulis;aliedu;1;1.048.466.198;4.921.875;;;;;;;193;1.805.491.916;6.520.381.875
10;2;Byrsonima;crassifolia;Byrcra;21;1.635.109.484;586.152;6.236.630.101;0.499283854;0.040250508;3.326.980.214;-1.401.561.155;-2.972.715.813;193;1.805.491.916;6.520.381.875
10;2;Cochlospermum;vitifolium;cocvit;1;1.244.770.846;5.740.875;;;;;;;193;1.805.491.916;6.520.381.875
10;2;Curatella;americana;curame;151;1.565.118.989;5.636.925;6.094.397.997;0.49202805;0.05556681;2.662.143.027;-0.935985222;-2.891.072.517;193;1.805.491.916;6.520.381.875
10;2;Luehea;speciosa;luespe;7;2.637.812.626;10.302.075;;;;;;;193;1.805.491.916;6.520.381.875
10;2;Roupala;montana;roumon;12;4.819.061.499;183.621.375;4.607.277.783;0.572600245;0.038391801;3.232.581.332;9.271.750.793;-2.932.526.642;193;1.805.491.916;6.520.381.875
15;3;Acacia;collinsii;acacol;64;1.552.328.129;655.869.375;;;;;;;443;6.661.028.209;2.204.340.075
15;3;Agonandra;macrocarpa;agomac;2;1.346.982.452;52.171.875;;;;;;;443;6.661.028.209;2.204.340.075
15;3;Alibertia ;edulis;aliedu;4;5.117.140.363;23.506.875;9.453.301.386;0.421929386;0.056666818;2.725.942.388;2.478.744.493;-3.137.884.384;443;6.661.028.209;2.204.340.075
15;3;Bursera;tomentosa;burtom;9;3.484.965.332;141.742.125;1.030.280.732;0.37970257;0.140520352;2.431.299.706;1.690.945.082;-2.983.021.645;443;6.661.028.209;2.204.340.075
15;3;Byrsonima;crassifolia;Byrcra;116;1.685.107.677;5.785.392.375;7.162.834.697;0.458274807;0.05376854;3.842.550.738;3.178.620.281;-2.998.985.374;443;6.661.028.209;2.204.340.075
15;3;Casearia;sylvestris ;cassyl;2;3.794.791.457;16.734.375;;;;;;;443;6.661.028.209;2.204.340.075
15;3;Cochlospermum;vitifolium;cocvit;1;4.702.030.832;18.907.875;;;;;;;443;6.661.028.209;2.204.340.075
15;3;Cordia;guanacastensis ;corgua;13;1.791.560.572;81.561.375;1.568.246.359;0.276779792;0.103079262;2.287.189.145;123.241.395;-3.108.331.573;443;6.661.028.209;2.204.340.075
15;3;Curatella;americana;curame;16;1.603.599.508;5.825.295;8.977.319.096;0.446920061;0.068114203;4.131.540.755;-0.41958236;-2.833.715.324;443;6.661.028.209;2.204.340.075
15;3;Genipa;americana;gename;8;4.893.528.642;17.947.125;9.755.670.091;0.355497561;0.07890012;2.969.221.106;1.056.697.788;-2.880.841.911;443;6.661.028.209;2.204.340.075
15;3;Machaerium;biovulatum;macbio;1;1.874.958.795;689.999.625;;;;;;;443;6.661.028.209;2.204.340.075
15;3;Miconia;argentea ;micarg;1;3.334.219.075;138.915;;;;;;;443;6.661.028.209;2.204.340.075
15;3;Quercus ;oleoides;queoli;80;3.334.219.075;138.915;7.009.643.198;0.562243868;0.064410414;3.819.671.618;3.168.315.115;-2.884.866.035;443;6.661.028.209;2.204.340.075
15;3;Rehdera;trinervis;rehtri;88;3.241.865.383;9.991.067.625;8.788.852.486;0.353481091;0.084845667;3.584.856.909;-0.061839817;-2.804.074.562;443;6.661.028.209;2.204.340.075
15;3;Roupala;montana;roumon;3;1.054.577.945;3.636.131.625;;;;;;;443;6.661.028.209;2.204.340.075
15;3;Semialarium;mexicanum;hemmex;25;264.136.849;94.901.625;7.684.079.201;0.340035872;;;;;443;6.661.028.209;2.204.340.075
15;3;Simarouba;glauca;simgla;1;1.048.466.198;4.921.875;;;;;;;443;6.661.028.209;2.204.340.075
15;3;Tetracera;volubilis;tetvol;9;1.347.363.914;60.708.375;1.862.528.116;0.284027828;0.098177906;2.145.891.913;-0.402234415;-3.106.882.935;443;6.661.028.209;2.204.340.075
15;4;Acacia;collinsii;acacol;14;2.617.938.244;1.144.395;;;;;;;230;1.720.107.959;6.212.532.375
15;4;Acacia;farnesiana ;antless;14;2.220.342.403;9.646.875;;;;;;;230;1.720.107.959;6.212.532.375
15;4;Alibertia ;edulis;aliedu;1;2.108.808.441;948.465;;;;;;;230;1.720.107.959;6.212.532.375
15;4;Bursera;tomentosa;byrtom;2;1.480.011.201;5.257.483.875;1.030.280.732;0.37970257;0.140520352;2.431.299.706;1.690.945.082;-2.983.021.645;230;1.720.107.959;6.212.532.375
15;4;Byrsonima;crassifolia;Byrcra;157;987.814.691;3.819.375;6.258.827.712;0.571635843;0.036470707;3.014.016.448;-0.185622706;-2.795.205.933;230;1.720.107.959;6.212.532.375
15;4;Cochlospermum;vitifolium;cocvit;1;5.140.788.146;20.482.875;1.246.701.107;0.323382057;0.074483002;2.338.010.567;-0.99147953;-2.900.928.169;230;1.720.107.959;6.212.532.375
15;4;Cordia;guanacastensis ;corgua;4;9.482.874.481;3.469.725;152.629.275;0.251800462;0.094338925;1.851.188.674;2.814.330.802;-3.003.897.339;230;1.720.107.959;6.212.532.375
15;4;Curatella;americana;curame;13;2.096.932.395;984.375;8.661.786.448;0.375829896;0.070288794;2.326.750.494;-0.646118774;-2.754.942.184;230;1.720.107.959;6.212.532.375
15;4;Genipa;americana;gename;1;1.048.466.198;4.921.875;1.091.394.481;0.324829551;0.066793488;2.212.311.852;0.879830232;-2.882.071.358;230;1.720.107.959;6.212.532.375
15;4;Rehdera;trinervis;rehtri;21;7.178.883.344;2.910.915;7.210.854.995;0.458132205;0.071150557;2.176.696.025;114.109.479;-2.771.406.227;230;1.720.107.959;6.212.532.375
15;4;Roupala;montana;roumon;2;5.827.037.142;24.609.375;;;;;;;230;1.720.107.959;6.212.532.375
24;5;Acacia;collinsii;acacol;14;3.832.735.184;16.164.225;;;;;;;234;1.048.871.158;294.057.225
24;5;Acosmium;panamense;acopan;2;4.923.791.141;161.091;;;;;;;234;1.048.871.158;294.057.225
24;5;Agonandra;macrocarpa;agomac;1;1.048.466.198;4.921.875;;;;;;;234;1.048.871.158;294.057.225
24;5;Alibertia ;edulis;aliedu;9;2.099.331.087;89.404.875;1.189.277.714;0.410829299;0.056666818;2.725.942.388;2.478.744.493;-3.137.884.384;234;1.048.871.158;294.057.225
24;5;Annona;purpurea;annpur;2;4.877.564.837;20.986.875;;;;;;;234;1.048.871.158;294.057.225
24;5;Annona;reticulata;annret;18;189.724.958;67.345.425;3.157.702;;0.153519;1.260.584.139;;;234;1.048.871.158;294.057.225
24;5;Bauhinia;ungulata;bauung;3;1.190.649.011;4.789.575;3.336.234.154;0.482034919;0.118806527;1.416.902.963;1.602.123.306;-3.130.367.332;234;1.048.871.158;294.057.225
24;5;Bursera;simaruba;bursim;1;3.661.310.935;119.140.875;1.555.543.839;0.297225543;0.136446743;1.918.765.144;-0.076740282;-3.028.958.015;234;1.048.871.158;294.057.225
24;5;Casearia;arguta;casarg;2;3.627.619.523;126;;;;;;;234;1.048.871.158;294.057.225
24;5;Casearia;sylvestris ;cassyl;30;1.094.738.428;4.462.605;135.878.923;0.458332952;0.125167976;1.925.712.303;2.884.079.509;-2.993.444.351;234;1.048.871.158;294.057.225
24;5;Casearia;tremula ;castre;2;5.200.493.679;175.305.375;;;;;;;234;1.048.871.158;294.057.225
24;5;Chomelia;spinosa;chospi;8;1.354.066.136;45.714.375;304;;0.081325;1.435.588.127;;;234;1.048.871.158;294.057.225
24;5;Cochlospermum;vitifolium;cocvit;10;1.707.683.238;44.426.655;1.752.968.425;0.249360991;0.074483002;2.338.010.567;-0.99147953;-2.900.928.169;234;1.048.871.158;294.057.225
24;5;Cordia;panamensis;corpan;5;615.464.275;2.217.285;1.446.944;;0.105568;1.607.364.117;;;234;1.048.871.158;294.057.225
24;5;Genipa;americana;gename;6;3.571.078.221;137.458.125;2.733.054.913;0.292235255;0.160056286;1.790.949.475;251.211.864;-3.179.165.161;234;1.048.871.158;294.057.225
24;5;Hirtella;racemosa;hirrac;20;274.092.299;1.026.892.125;1.337.668.889;;0.065015;2.912.846.883;;;234;1.048.871.158;294.057.225
24;5;Jacquinia;nervosa;jacner;1;6.737.521.595;1.815.919.875;;;;;;;234;1.048.871.158;294.057.225
24;5;Luehea;speciosa;luespe;3;1.244.770.846;5.740.875;2.914.832.135;0.402594282;0.08979319;2.021.650.234;0.669369907;-3.086.390.549;234;1.048.871.158;294.057.225
24;5;Quercus ;oleoides;queoli;46;6.611.678.989;1.713.765.375;7.735.737.136;0.483367382;0.064410414;3.819.671.618;3.168.315.115;-2.884.866.035;234;1.048.871.158;294.057.225
24;5;Randia ; karstenii;rancar;1;5.869.024.613;159.264.315;;;;;;;234;1.048.871.158;294.057.225
24;5;Rehdera;trinervis;rehtri;1;3.888.768.766;15.946.875;;;;;;;234;1.048.871.158;294.057.225
24;5;Semialarium;mexicanum;hemmex;26;107.050.962;311.857.875;1.269.134.459;0.299600997;;;;;234;1.048.871.158;294.057.225
24;5;Spondias ;mombin;spomom;8;3.621.278.459;1.115.415;;;0.113745;18.8;3.4;-30.3;234;1.048.871.158;294.057.225
24;5;Tabebuea;rosea;tabros;1;6.587.932.523;25.585.875;;;;;;;234;1.048.871.158;294.057.225
24;5;Tetracera;volubilis;tetvol;14;3.894.313.563;163.067.625;1.862.528.116;0.284027828;0.098177906;2.145.891.913;-0.402234415;-3.106.882.935;234;1.048.871.158;294.057.225
27;6;Acacia;collinsii;acacol;34;1.787.524.538;681.037.875;;;;;;;154;3.227.482.973;9.708.496.875
27;6;Acosmium;panamense;acopan;1;118.148.837;340.704;;;;;;;154;3.227.482.973;9.708.496.875
27;6;Acrocomia;vinifera;acrvin;1;6.281.273.193;1524.6;;;;;;;154;3.227.482.973;9.708.496.875
27;6;Alibertia ;edulis;aliedu;2;2.745.318.374;738.336.375;1.189.277.714;0.410829299;0.056666818;2.725.942.388;2.478.744.493;-3.137.884.384;154;3.227.482.973;9.708.496.875
27;6;Bauhinia;ungulata;bauung;2;5.946.801.679;2.464.875;3.336.234.154;0.482034919;0.118806527;1.416.902.963;1.602.123.306;-3.130.367.332;154;3.227.482.973;9.708.496.875
27;6;Byrsonima;crassifolia;Byrcra;12;2.054.181.754;704.111.625;1.125.877.982;0.375093158;0.093255023;2.476.768.201;2.060.874.515;-2.907.279.877;154;3.227.482.973;9.708.496.875
27;6;Casearia;nitida;casnit;6;4.066.608.711;152.940.375;1.835.484.068;0.359720147;0.104477478;2.019.702.831;-0.21282308;-3.080.241.852;154;3.227.482.973;9.708.496.875
27;6;Cedrela;odorata;cedodo;1;3.465.152.822;113.4;;;;;;;154;3.227.482.973;9.708.496.875
27;6;Chomelia;spinosa;chospi;9;1.596.687.862;53.857.125;304;;0.081325;;;;154;3.227.482.973;9.708.496.875
27;6;Cochlospermum;vitifolium;cocvit;1;4.656.237.014;147.805.875;1.752.968.425;0.249360991;0.074483002;2.338.010.567;-0.99147953;-2.900.928.169;154;3.227.482.973;9.708.496.875
27;6;Cordia;guanacastensis ;corgua;23;8.566.835.744;345.011.625;1.835.879.481;0.263956554;0.101045452;1.696.326.869;0.142188721;-305.516.787;154;3.227.482.973;9.708.496.875
27;6;Cornutia;grandifolia;corgra;10;3.865.815.678;14.926.275;1.694.163;;0.213019;;;;154;3.227.482.973;9.708.496.875
27;6;Crescentia;alata;creala;7;6.844.179.097;177.144.975;9.377.833.057;0.429582311;0.098789998;2.023.471.448;191.254.174;-2.702.745.728;154;3.227.482.973;9.708.496.875
27;6;Enterolobium;cyclocarpum;entcyc;3;4.476.699.692;176.652;1.833.333;;0.205832;;;;154;3.227.482.973;9.708.496.875
27;6;Guazuma;ulmifolia;guaulm;40;5.326.057.122;187.845.525;1.234.493.489;0.404943663;0.107177005;1.905.188.302;1.879.844.658;-2.999.211.029;154;3.227.482.973;9.708.496.875
27;6;Samanea ;saman;samsam;1;1.478.431.777;4.165.875;;;;;;;154;3.227.482.973;9.708.496.875
27;6;Trichilia;trifolia;tritri;1;1.048.466.198;4.921.875;2.483.663.558;0.297703367;0.172061679;1.902.634.415;-0.183657186;-2.971.999.817;154;3.227.482.973;9.708.496.875
30;7;Acacia;collinsii;acacol;10;3.341.471.834;912.247.875;;;;;;;237;1.842.941.726;43814.61
30;7;Acosmium;panamense;acopan;1;4.284.759.371;17.395.875;;;;;;;237;1.842.941.726;43814.61
30;7;Agonandra;macrocarpa;agomac;14;903.942.755;2.598.246;7.536.313;;0.422022;7.395.088.716;;;237;1.842.941.726;43814.61
30;7;Alibertia ;edulis;aliedu;7;2.453.117.867;95.641.875;1.189.277.714;0.410829299;0.056666818;2.725.942.388;2.478.744.493;-3.137.884.384;237;1.842.941.726;43814.61
30;7;Allophyllusc;occidentalisc;allocc;12;8.545.738.686;322.095.375;1.913.235.203;0.344033651;0.145532293;155.365.365;-0.37270136;-3.119.787.102;237;1.842.941.726;43814.61
30;7;Annona;reticulata;annret;1;1.349.928.058;6.174;;;;;;;237;1.842.941.726;43814.61
30;7;Bursera;simaruba;bursim;3;3.746.764.939;101.097.675;1.555.543.839;0.297225543;0.136446743;1.918.765.144;-0.076740282;-3.028.958.015;237;1.842.941.726;43814.61
30;7;Bursera;tomentosa;burtom;2;195.307.234;71.512.875;1.030.280.732;0.37970257;0.140520352;2.431.299.706;1.690.945.082;-2.983.021.645;237;1.842.941.726;43814.61
30;7;Casearia;nitida;casnit;15;9.293.271.963;354.997.125;1.835.484.068;0.359720147;0.104477478;2.019.702.831;-0.21282308;-3.080.241.852;237;1.842.941.726;43814.61
30;7;Casearia;tremula ;castre;8;6.459.967.821;2.416.365;;;;;;;237;1.842.941.726;43814.61
30;7;Chomelia;spinosa;chospi;5;656.302.683;23.056.425;;;;;;;237;1.842.941.726;43814.61
30;7;Cordia;alliodora;corall;13;725.574.014;1.436.656.725;1.684.721.591;0.347336914;0.124137507;1.234.218.733;5.718.750.343;-3.060.974.556;237;1.842.941.726;43814.61
30;7;Cordia;guanacastensis ;corgua;4;1.394.494.836;4.669.245;1.914.657.306;0.268188001;0.127904439;158.514.478;-0.357093643;-3.040.742.378;237;1.842.941.726;43814.61
30;7;Cordia;panamensis;corpan;7;3.337.683.028;1.096.515;;;;;;;237;1.842.941.726;43814.61
30;7;Enterolobium;cyclocarpum;entcyc;1;1.521.780.161;427.525.875;;;;;;;237;1.842.941.726;43814.61
30;7;Guazuma;ulmifolia;guaulm;6;3.465.152.822;113.4;1.234.493.489;0.404943663;0.107177005;1.905.188.302;1.879.844.658;-2.999.211.029;237;1.842.941.726;43814.61
30;7;Guettarda;macrosperma ;guamac;1;1.124.011.451;3.019.062.375;;;;;;;237;1.842.941.726;43814.61
30;7;Jacquinia;nervosa;jacner;1;1.048.466.198;4.921.875;;;;;;;237;1.842.941.726;43814.61
30;7;Karwinskia;caldronii ;karcal;1;1.109.174.001;40.824;;;;;;;237;1.842.941.726;43814.61
30;7;Luehea;speciosa;luespe;4;1.875.583.986;58.654.575;3.581.541.193;0.370455603;0.129055802;1.567.545.048;6.124.545.918;-3.135.644.585;237;1.842.941.726;43814.61
30;7;Maclura;tinctoria;mactin;3;3.126.326.225;1.120.455;3.184.322.556;0.278795374;0.130772201;113.738.864;6.797.493.324;-3.029.689.079;237;1.842.941.726;43814.61
30;7;Malvaviscus;arboreus;malarb;1;3.513.847.182;14.560.875;2.549.201.871;0.204740585;0.136657569;1.328.793.774;7.480.052.338;-311.014.505;237;1.842.941.726;43814.61
30;7;Manilkara;chicle;manchi;1;3.334.219.075;138.915;;;;;;;237;1.842.941.726;43814.61
30;7;Pithecellobium;dulce;pitdul;1;3.465.152.822;113.4;;;;;;;237;1.842.941.726;43814.61
30;7;Randia;subcordata;ransub;18;2.978.150.383;921.627;2.069.062.462;0.396750924;0.121153666;1.961.128.205;3.035.935.583;-3.053.636.444;237;1.842.941.726;43814.61
30;7;Simarouba;glauca;simgla;3;7.520.403.075;240.849;;;;;;;237;1.842.941.726;43814.61
30;7;Spondias ;mombin;spomom;6;4.508.581.576;995.719.725;;;;;;;237;1.842.941.726;43814.61
30;7;Stemmadenia;obovata;steobo;15;1.111.796.313;41.625.675;2.964.793.827;0.207726682;;1.068.028.475;4.565.335.178;-2.809.567.101;237;1.842.941.726;43814.61
30;7;Tabebuea;ochracea;taboch;39;2.511.557.195;907.900.875;1.984.982.298;0.420794579;0.165496623;1.151.223.092;-0.160565959;-3.004.545.288;237;1.842.941.726;43814.61
30;7;Tabebuea;rosea;tabros;1;3.770.682.393;9.646.875;;;;;;;237;1.842.941.726;43814.61
30;7;Tetracera;volubilis;tetvol;7;2.784.421.503;11.190.375;2.169.031.845;0.359270861;0.098177906;2.145.891.913;-0.402234415;-3.106.882.935;237;1.842.941.726;43814.61
30;7;Trichilia;americana;triame;11;165.818.711;4.556.199.375;1.744.647.934;0.325578092;0.156498757;1.825.160.291;0.142031444;-2.966.927.795;237;1.842.941.726;43814.61
30;7;Trichilia;trifolia;tritri;14;8.658.533.096;321.607.125;2.483.663.558;0.297703367;0.172061679;1.902.634.415;-0.183657186;-2.971.999.817;237;1.842.941.726;43814.61
30;7;Xylosma;flexuosa;xylfle;1;5.284.438.635;165.571.875;;;;;;;237;1.842.941.726;43814.61
40;8;Acacia;collinsii;acacol;8;2.640.197.006;109.186.875;;;;;;;257;2.336.611.253;5.040.183.488
40;8;Bursera;simaruba;bursim;2;2.116.751.609;78.285.375;1.555.543.839;0.297225543;0.136446743;1.918.765.144;-0.076740282;-3.028.958.015;257;2.336.611.253;5.040.183.488
40;8;Casearia;sylvestris ;cassyl;144;1.144.776.006;4.240.522.125;1.261.685.048;0.515212888;0.070796632;1.604.419.008;6.527.505.264;-2.950.438.553;257;2.336.611.253;5.040.183.488
40;8;Cestrum;;cestrum;2;2.432.137.721;8.865.675;;;;;;;257;2.336.611.253;5.040.183.488
40;8;Cordia;alliodora;corall;8;8.715.424.143;237.757.275;1.684.721.591;0.347336914;0.124137507;1.234.218.733;5.718.750.343;-3.060.974.556;257;2.336.611.253;5.040.183.488
40;8;Cornutia;grandifolia;corgra;1;6.848.455.526;264.915;;;;;;;257;2.336.611.253;5.040.183.488
40;8;Cupania;guatemalensis;cupgua;22;2.278.775.679;819.070.875;102.202.984;0.522478777;0.08889318;2.433.552.311;5.684.452.229;-2.958.948.807;257;2.336.611.253;5.040.183.488
40;8;Diospyros;nicaraguensis;dionic;2;6.276.479.886;25.995.375;;;;;;;257;2.336.611.253;5.040.183.488
40;8;Enterolobium;cyclocarpum;entcyc;1;1.489.729.471;26085.15;;;;;;;257;2.336.611.253;5.040.183.488
40;8;Guazuma;ulmifolia;guaulm;42;3.673.209.752;1.040.874.188;1.661.731.279;0.406269338;0.151475277;1.540.113.235;5.098.419.056;-3.074.013.191;257;2.336.611.253;5.040.183.488
40;8;Luehea;speciosa;luespe;2;1.058.734.096;32.906.475;3.581.541.193;0.370455603;0.129055802;1.567.545.048;6.124.545.918;-3.135.644.585;257;2.336.611.253;5.040.183.488
40;8;Maclura;tinctoria;mactin;4;1.110.472.923;2.730.994.875;3.184.322.556;0.278795374;0.130772201;113.738.864;6.797.493.324;-3.029.689.079;257;2.336.611.253;5.040.183.488
40;8;Malvaviscus;arboreus;malarb;9;1.118.459.844;2.638.180.125;2.549.201.871;0.204740585;0.136657569;1.328.793.774;7.480.052.338;-311.014.505;257;2.336.611.253;5.040.183.488
40;8;Piper;;piper;4;451.676.196;16.126.425;;;;;;;257;2.336.611.253;5.040.183.488
40;8;Simarouba;glauca;simgla;3;1.149.739.227;46.935;7.069.583.284;0.420351191;0.068641621;2.536.419.371;5.986.121.521;-2.662.840.324;257;2.336.611.253;5.040.183.488
40;8;Thouinidium;decandrum;thodec;3;7.492.509.458;235.722.375;;;;;;;257;2.336.611.253;5.040.183.488
40;9;Acacia;collinsii;acacol;9;3.804.856.917;15.351.525;;;;;;;153;1.234.425.551;3.102.169.613
40;9;Alibertia ;edulis;aliedu;5;688.286.646;31.311;1.199.696.862;0.450105705;0.08788203;3.522.366.795;2.691.600.266;-3.107.832.611;153;1.234.425.551;3.102.169.613
40;9;Bauhinia;ungulata;bauung;4;1.555.225.233;49.431.375;3.336.234.154;0.482034919;0.118806527;1.416.902.963;1.602.123.306;-3.130.367.332;153;1.234.425.551;3.102.169.613
40;9;Bursera;simaruba;bursim;2;1.003.165.909;39.942;1.555.543.839;0.297225543;0.136446743;1.918.765.144;-0.076740282;-3.028.958.015;153;1.234.425.551;3.102.169.613
40;9;Calycophyllum;candidissimum;calcan;9;1.866.225.669;4.372.318.125;2.161.731.376;0.23139993;0.24216852;2.139.758.979;45.951.826;-2.967.232.216;153;1.234.425.551;3.102.169.613
40;9;Capparis ;frondosa;capfro;7;108.537.395;48.801.375;7.612.251.311;0.667512788;0.09051996;1.876.201.788;5.191.691.341;-305.219.754;153;1.234.425.551;3.102.169.613
40;9;Casearia;nitida;casnit;23;1.186.611.084;462.081.375;2.262.130.154;0.293503823;0.200834159;1.714.425.694;439.293.808;-298.491.143;153;1.234.425.551;3.102.169.613
40;9;Ceiba;pentandra;ceipan;1;3.262.472.695;847.224;;;;;;;153;1.234.425.551;3.102.169.613
40;9;Chomelia;spinosa;chospi;1;9.135.476.197;343.035;;;;;;;153;1.234.425.551;3.102.169.613
40;9;Genipa;americana;gename;6;2.481.695.146;98.933.625;2.733.054.913;0.292235255;0.160056286;1.790.949.475;251.211.864;-3.179.165.161;153;1.234.425.551;3.102.169.613
40;9;Guazuma;ulmifolia;guaulm;31;2.854.241.484;7.785.453.375;162.393.533;0.38093367;0.146112168;1.638.524.254;5.083.181.801;-3.092.467.201;153;1.234.425.551;3.102.169.613
40;9;Hymenaea;courbaril;hymcou;1;1.262.794.247;445.536;;;;;;;153;1.234.425.551;3.102.169.613
40;9;Maclura;tinctoria;mactin;1;2.220.342.403;9.646.875;3.184.322.556;0.278795374;0.130772201;113.738.864;6.797.493.324;-3.029.689.079;153;1.234.425.551;3.102.169.613
40;9;Malpighia;glabra;malgla;1;7.386.275.503;28.35;;;;;;;153;1.234.425.551;3.102.169.613
40;9;Malvaviscus;arboreus;malarb;9;1.797.256.012;3.914.071.875;2.023.426.031;0.240155952;0.157993021;1.667.204.416;4.240.642.967;-3.131.859.482;153;1.234.425.551;3.102.169.613
40;9;Pisonia;macranthocarpa;pismac;8;2.274.288.668;612.997.875;;;;;;;153;1.234.425.551;3.102.169.613
40;9;Randia;subcordata;ransub;5;3.679.301.948;146.167.875;2.779.335.328;0.316339777;0.121153666;1.961.128.205;3.035.935.583;-3.053.636.444;153;1.234.425.551;3.102.169.613
40;9;Semialarium;mexicanum;hemmex;17;1.412.543.134;497.156.625;;;0.090204;2.019.634.823;;;153;1.234.425.551;3.102.169.613
40;9;Spondias ;mombin;spomom;8;3.876.706.164;928.401.075;;;0.113745;18.8;3.4;-30.3;153;1.234.425.551;3.102.169.613
40;9;Stemmadenia;obovata;steobo;1;1.818.162.373;8.064;185.881;;0.178896;1.020.968.157;;;153;1.234.425.551;3.102.169.613
40;9;Tabebuea;rosea;tabros;1;7.003.253.058;16.808.715;;;;;;;153;1.234.425.551;3.102.169.613
40;9;Tetracera;volubilis;tetvol;2;5.071.842.707;217.035;2.169.031.845;0.359270861;0.098177906;2.145.891.913;-0.402234415;-3.106.882.935;153;1.234.425.551;3.102.169.613
40;9;Thouinidium;decandrum;thodec;1;1.048.466.198;4.921.875;;;;;;;153;1.234.425.551;3.102.169.613
60;10;Acacia;collinsii;acacol;1;2.220.342.403;9.646.875;;;;;;;248;1.083.038.942;300.463.695
60;10;Acosmium;panamense;acopan;2;6.062.989.003;25.452;2.970.769;;0.084494;1.291.267.194;;;248;1.083.038.942;300.463.695
60;10;Alibertia ;edulis;aliedu;2;4.908.668.128;20.979;1.265.703.198;0.459742948;0.049039196;2.419.614.711;1.657.886.848;-3.316.398.102;248;1.083.038.942;300.463.695
60;10;Allophyllusc;occidentalisc;allocc;7;3.432.016.389;134.497.125;2.099.437.764;0.359100228;0.162861202;1.178.228.473;0.632992104;-3.242.396.408;248;1.083.038.942;300.463.695
60;10;Annona;purpurea ;annpur;1;1.251.303.113;45.486;3.639.125.683;;0.103011769;18.7;-0.1;-31.5;248;1.083.038.942;300.463.695
60;10;Annona;reticulata;annret;9;1.457.805.306;4.952.745;3.157.702;;0.153519;1.260.584.139;;;248;1.083.038.942;300.463.695
60;10;Piper;;piper;2;3.148.898.107;14.175;;;;;;;248;1.083.038.942;300.463.695
60;10;Tetracera;volubilis;tetvol;12;4.734.583.367;190.953;2.140.071.948;0.366752337;0.109598959;1.657.052.126;0.693435029;-3.286.169.678;248;1.083.038.942;300.463.695
60;10;Tabebuea;ochracea;taboch;39;4.837.130.268;1.707.843.375;2.504.885.737;0.380445551;0.156477776;1.138.577.505;0.608653508;-3.118.511.681;248;1.083.038.942;300.463.695
60;10;Brosimum ;alicastrum;broali;2;2.375.935.297;86.506.875;9.467.005;;0.137768;155.931.536;;;248;1.083.038.942;300.463.695
60;10;Bursera;simaruba;bursim;2;3.095.513.214;106.162.875;1.369.189;;0.114525;195.800.101;;;248;1.083.038.942;300.463.695
60;10;Casearia;nitida;casnit;2;7.402.615.948;3.050.775;1.828.060.425;0.333676846;0.128382657;1.630.502.496;317.633.646;-3.051.458.839;248;1.083.038.942;300.463.695
60;10;Casearia;sylvestris ;cassyl;25;2.501.903.067;896.923.125;1.870.259.948;0.372758373;0.082613197;1.564.706.476;1.753.426.299;-3.127.154.022;248;1.083.038.942;300.463.695
60;10;Cecropia;peltata;cecpel;1;5.043.722.941;1.587.915;;;;;;;248;1.083.038.942;300.463.695
60;10;Chomelia;spinosa;chospi;1;1.818.162.373;8.064;;;;;;;248;1.083.038.942;300.463.695
60;10;Cordia;panamensis;corpan;16;3.185.036.781;105.696.675;1.446.944;;0.105568;1.607.364.117;;;248;1.083.038.942;300.463.695
60;10;Cupania;guatemalensis;cupgua;8;3.506.999.554;140.679;1.607.786.836;0.470604537;0.111535669;185.430.729;1.801.078.484;-3.204.766.899;248;1.083.038.942;300.463.695
60;10;Enterolobium;cyclocarpum;entcyc;2;1.601.881.856;3.791.379.375;;;;;;;248;1.083.038.942;300.463.695
60;10;Guettarda;macrosperma ;guamac;2;8.352.906.711;33.744.375;;;;;;;248;1.083.038.942;300.463.695
60;10;Guazuma;ulmifolia;guaulm;3;9.904.596.815;2.513.471.625;;;;;;;248;1.083.038.942;300.463.695
60;10;Hirtella;racemosa;hirrac;1;2.513.263.701;10.780.875;;;;;;;248;1.083.038.942;300.463.695
60;10;Hymenaea;courbaril;hymcou;13;6.900.615.724;209.400.975;1.447.412.089;0.473490755;0.099555734;1.965.266.308;0.958379165;-3.115.389.923;248;1.083.038.942;300.463.695
60;10;Inga;vera;ingver;2;992.915.454;3.882.375;;;;;;;248;1.083.038.942;300.463.695
60;10;Jacquinia;nervosa;jacner;1;3.334.219.075;138.915;;;;;;;248;1.083.038.942;300.463.695
60;10;Luehea;speciosa;luespe;39;1.586.467.523;4.738.678.875;2.366.249.694;0.452931455;0.095137069;1.828.149.415;0.839142258;-3.066.728.073;248;1.083.038.942;300.463.695
60;10;Lonchocarpus ;rugosus;lonrug;1;2.513.263.701;10.780.875;;;;;;;248;1.083.038.942;300.463.695
60;10;Maclura;tinctoria;mactin;2;7.587.456.633;31.192.875;;;;;;;248;1.083.038.942;300.463.695
60;10;Malvaviscus;arboreus;malarb;15;3.862.060.775;163.485;2.303.860.938;0.257210392;0.147109386;1.302.330.571;1.649.020.069;-3.224.762.634;248;1.083.038.942;300.463.695
60;10;Manilkara;chicle;manchi;5;4.857.202.695;174.675.375;1.135.299.585;0.446487271;0.068106239;2.307.322.166;1.520.210.848;-3.197.048.813;248;1.083.038.942;300.463.695
60;10;Miconia;argentea ;micarg;6;9.052.223.337;314.330.625;1.114.554.721;0.393048702;0.073366025;1.993.380.189;2.094.121.389;-3.120.288.757;248;1.083.038.942;300.463.695
60;10;Ocotea;veraguensis;ocover;2;7.821.572.366;3.176.775;1.588.780.528;0.501187658;0.080339716;1.708.644.444;1.700.431.101;-3.408.454.422;248;1.083.038.942;300.463.695
60;10;Pseudobombax;;pseudobom;2;4.341.997.529;1.165.381.875;;;;;;;248;1.083.038.942;300.463.695
60;10;Randia;subcordata;ransub;2;3.268.337.443;14.655.375;;;;;;;248;1.083.038.942;300.463.695
60;10;Samanea ;saman;samsam;1;10.457.437;2.408.245.875;;;;;;;248;1.083.038.942;300.463.695
60;10;Simarouba;glauca;simgla;7;6.893.254.249;250.700.625;1.039.894.771;0.436934946;0.064591131;2.175.785.208;2.196.241.007;-3.070.708.138;248;1.083.038.942;300.463.695
60;10;Spondias ;mombin;spomom;10;2.731.457.793;7.117.464.375;;;0.113745;18.8;3.4;-30.3;248;1.083.038.942;300.463.695
60;11;Acacia;collinsii;acacol;2;3.794.791.457;16.734.375;;;;;;;154;1.112.958.941;2.701.004.513
60;11;Allophyllusc;occidentalisc;allocc;7;514.718.526;19.541.025;2.099.437.764;0.359100228;0.162861202;1.178.228.473;0.632992104;-3.242.396.408;154;1.112.958.941;2.701.004.513
60;11;Annona;purpurea ;annpur;1;5.123.273.935;161.035.875;;;;;;;154;1.112.958.941;2.701.004.513
60;11;Calycophyllum;candidissimum;calcan;22;1.827.714.143;52.141.005;2.161.731.376;0.23139993;0.24216852;2.139.758.979;45.951.826;-2.967.232.216;154;1.112.958.941;2.701.004.513
60;11;Capparis ;frondosa;capfro;3;6.571.453.227;2.855.475;1.041.500.039;0.499944008;0.083377459;177.591.168;6.726.022.663;-3.188.663.757;154;1.112.958.941;2.701.004.513
60;11;Casearia;sylvestris ;cassyl;7;2.479.075.834;101.871;1.486.239.424;0.430533021;0.09285262;226.840.519;1.796.420.279;-3.105.020.035;154;1.112.958.941;2.701.004.513
60;11;Chomelia;spinosa;chospi;1;3.728.022.905;121.086;;;;;;;154;1.112.958.941;2.701.004.513
60;11;Coccoloba ;guanacastensis;cocgua;1;1.648.465.113;582.435;1.084.407.232;0.494196259;0.066395027;2.321.391.076;323.244.113;-3.173.436.821;154;1.112.958.941;2.701.004.513
60;11;Cochlospermum;vitifolium;cocvit;1;1.993.652.829;544.705.875;;;;;;;154;1.112.958.941;2.701.004.513
60;11;Cornutia;;cornutia;1;194.730.644;8.575.875;;;;;;;154;1.112.958.941;2.701.004.513
60;11;Cordia;panamensis;corpan;1;5.140.788.146;20.482.875;;;;;;;154;1.112.958.941;2.701.004.513
60;11;Cupania;guatemalensis;cupgua;1;2.220.342.403;9.646.875;155.248.108;0.43250116;0.106128163;2.565.781.555;2.234.777.632;-3.086.379.898;154;1.112.958.941;2.701.004.513
60;11;Genipa;americana;gename;1;2.826.326.222;11.977.875;2.208.000.805;0.262885959;0.118050484;1.914.114.962;1.855.856.719;-3.235.888.947;154;1.112.958.941;2.701.004.513
60;11;Guettarda;macrosperma ;guamac;1;793.547.701;2.384.235;;;;;;;154;1.112.958.941;2.701.004.513
60;11;Guazuma;ulmifolia;guaulm;2;2.357.174.254;83.671.875;;;0.106338333;1.912.231.538;2.5;-29.6;154;1.112.958.941;2.701.004.513
60;11;Hirtella;racemosa;hirrac;26;1.776.600.029;63.174.825;2.157.884.714;0.400924;0.065015;2.912.846.883;;;154;1.112.958.941;2.701.004.513
60;11;Hymenaea;courbaril;hymcou;3;7.346.540.834;31.523.625;1.447.412.089;0.473490755;0.099555734;1.965.266.308;0.958379165;-3.115.389.923;154;1.112.958.941;2.701.004.513
60;11;Inga;vera;ingver;1;9.764.344.408;36.414;;;;;;;154;1.112.958.941;2.701.004.513
60;11;Lonchocarpus ;rugosus;lonrug;1;1.574.449.053;70.875;;;;;;;154;1.112.958.941;2.701.004.513
60;11;Luehea;speciosa;luespe;8;5.310.138.714;15.506.505;279.188.689;0.379649913;0.096017812;1.995.163.363;2.188.504.033;-3.169.571.213;154;1.112.958.941;2.701.004.513
60;11;Malvaviscus;arboreus;malarb;5;1.112.622.654;4.821.075;2.438.790.539;0.22287485;0.141544875;1.583.361.105;3.739.030.304;-3.219.263.161;154;1.112.958.941;2.701.004.513
60;11;Manilkara;chicle;manchi;3;2.622.108.948;614.698.875;1.135.299.585;0.446487271;0.068106239;2.307.322.166;1.520.210.848;-3.197.048.813;154;1.112.958.941;2.701.004.513
60;11;Mouriri;myrtilloides;moumyr;1;2.220.342.403;9.646.875;;;;;;;154;1.112.958.941;2.701.004.513
60;11;Picramnia ;quaternaria;picqua;4;3.110.653.912;11.401.425;1.775.343.834;0.526173771;0.094782014;1.871.792.453;1.232.383.416;-315.169.149;154;1.112.958.941;2.701.004.513
60;11;Pithecellobium;dulce;pitdul;13;7.328.128.688;2.868.705;;;;;;;154;1.112.958.941;2.701.004.513
60;11;Randia;thurberi;ranthu;1;2.513.263.701;10.780.875;;;;;;;154;1.112.958.941;2.701.004.513
60;11;Bursera;simaruba;bursim;1;4.556.285.295;1.143.142.875;;;;;;;154;1.112.958.941;2.701.004.513
60;11;Sebastiania ;pavoniana;sebpav;1;116.885.889;337.435.875;1.713.781.772;0.415754383;0.082246063;1.390.029.276;0.013921144;-3.035.162.056;154;1.112.958.941;2.701.004.513
60;11;Sideroxylon ;capiri;sidcap;1;4.509.598.106;8.932.021.875;13.874.375;;0.084009622;22.3;-0.2;-32.8;154;1.112.958.941;2.701.004.513
60;11;Stemmadenia;obovata;steobo;4;1.937.700.687;77.182.875;185.881;;0.178896;1.020.968.157;;;154;1.112.958.941;2.701.004.513
60;11;Swartzia ;cubensis;swacub;9;4.876.613.429;189.921.375;2.175.243;;0.191314;1.458.002.386;;;154;1.112.958.941;2.701.004.513
60;11;Tabebuea;ochracea;taboch;2;180.560.617;6.622.875;2.504.885.737;0.380445551;0.156477776;1.138.577.505;0.608653508;-3.118.511.681;154;1.112.958.941;2.701.004.513
60;11;Tetracera;volubilis;tetvol;16;1.531.103.158;55.548.675;25.831.863;0.276635991;0.121439923;1.948.494.624;1.930.675.569;-329.043.988;154;1.112.958.941;2.701.004.513
60;11;Zanthoxylum;setulosum;zanset;2;4.684.375.913;20.167.875;1.626.042;;0.140695;1.577.234.718;;;154;1.112.958.941;2.701.004.513
90;12;Acacia;collinsii;acacol;1;2.990.487.523;12.6;;;;;;;289;143.103.196;399.204.855
90;12;Albizzia;adinocephala;albadi;1;4.490.722.028;18.144;;;;;;;289;143.103.196;399.204.855
90;12;Alibertia ;edulis;aliedu;1;7.663.616.189;29.302.875;1.265.703.198;0.459742948;0.049039196;2.419.614.711;1.657.886.848;-3.316.398.102;289;143.103.196;399.204.855
90;12;Allophyllusc;occidentalisc;allocc;1;8.829.680.712;33.271.875;2.099.437.764;0.359100228;0.162861202;1.178.228.473;0.632992104;-3.242.396.408;289;143.103.196;399.204.855
90;12;Astronium;graveolens ;astgra;16;5.863.204.059;233.73;2.358.768;;0.1579846;1.417.650.605;;;289;143.103.196;399.204.855
90;12;Ateleia;herbert-smithii;ateher;7;626.653.326;22.212.225;1.293.277;;0.135689;1.232.832.577;;;289;143.103.196;399.204.855
90;12;Bursera;simaruba;bursim;15;3.511.176.733;8.948.827.125;2.033.617.275;0.241431789;0.169781997;1.308.879.774;0.964060743;-318.976.548;289;143.103.196;399.204.855
90;12;Calycophyllum;candidissimum;calcan;27;1.109.124.673;34.055.595;91.55;0.259799225;0.107666408;2.137.181.942;3.474.662.175;-2.876.033.089;289;143.103.196;399.204.855
90;12;Capparis ;indica;capind;15;1.660.101.949;57.199.275;4.336.054;;0.11735;1.329.675.976;;;289;143.103.196;399.204.855
90;12;Chomelia;spinosa;chospi;9;3.706.208.547;1.144.497.375;304;;0.081325;1.435.588.127;;;289;143.103.196;399.204.855
90;12;Cochlospermum;vitifolium;cocvit;5;2.508.214.998;6.124.757.625;58.55;0.328021517;0.105891824;171.644.105;2.268.121.526;-2.782.635.887;289;143.103.196;399.204.855
90;12;Cordia;panamensis;corpan;5;240.903.097;750.337.875;1.446.944;;0.105568;1.607.364.117;;;289;143.103.196;399.204.855
90;12;Coursetia ;elliptica;coursetia elliptica;26;2.576.575.039;883.976.625;244;;0.1330675;140.542.708;;;289;143.103.196;399.204.855
90;12;Erythroxylon;havanense;eryhav;5;3.819.225.945;14.056.875;;;;;;;289;143.103.196;399.204.855
90;12;Exostema;mexicanum;exomex;28;1.204.803.787;3.686.752.125;37.4;0.241237988;0.166516439;1.305.609.831;2.363.866.954;-2.946.441.429;289;143.103.196;399.204.855
90;12;Genipa;americana;gename;2;8.529.526.406;27.116.775;;;0.104514;16;2.3;-29.6;289;143.103.196;399.204.855
90;12;Guazuma;ulmifolia;guaulm;1;8.958.360.484;2.362.633.875;40.9;0.37175597;0.137730553;1.585.730.562;482.489.706;-2.967.900.589;289;143.103.196;399.204.855
90;12;Guettarda;macrosperma ;guamac;4;4.886.678.122;154.35;;;0.109214;1.409.419.557;;;289;143.103.196;399.204.855
90;12;Jacquinia;nervosa;jacner;12;2.575.147.817;86.169.825;;;0.056725;46.3;1.7;-30.6;289;143.103.196;399.204.855
90;12;Krugiodendron ;ferreum;krufer;2;114.489.064;414.351;;;0.1203325;1.502.367.747;;;289;143.103.196;399.204.855
90;12;Lonchocarpus ;;loncho;3;6.504.334.706;27.160.875;;;;;;;289;143.103.196;399.204.855
90;12;Luehea;speciosa;luespe;8;261.106.416;758.512.125;264.017.384;0.341848748;0.082984505;2.254.502.892;-0.763735614;-313.921.265;289;143.103.196;399.204.855
90;12;Machaerium;biovulatum;macbio;7;3.459.789.546;1.035.405;;;0.079639;1.809.310.868;;;289;143.103.196;399.204.855
90;12;Manilkara;chicle;manchi;1;1.740.254.307;548.73;150.25;0.485314954;0.053649637;3.301.211.414;2.673.436.007;-301.521.096;289;143.103.196;399.204.855
90;12;Myrospermum ;frutescens;myrfru;8;477.238.888;1.191.652.875;;;0.1595195;1.287.139.074;4.3;-30.8;289;143.103.196;399.204.855
90;12;Pisonia;macranthocarpa;pismac;10;4.116.781.363;122.271.975;;;;;;;289;143.103.196;399.204.855
90;12;Pseudobombax;;pseudobom;1;7.246.235.591;26.826.975;;;;;;;289;143.103.196;399.204.855
90;12;Randia;subcordata;ransub;20;3.374.417.812;873.250.875;2.224.347.691;0.324796234;0.074826736;1.653.606.801;312.252.491;-2.908.525.757;289;143.103.196;399.204.855
90;12;Randia ; karstenii;rancar;1;194.730.644;8.575.875;;;;;;;289;143.103.196;399.204.855
90;12;Sapranthus;palanga;sappal;12;1.385.321.671;523.049.625;259.577.195;0.291982355;0.201260363;1.051.132.493;259.808.939;-3.186.776.833;289;143.103.196;399.204.855
90;12;Semialarium;mexicanum;hemmex;16;5.899.092.061;16.354.485;1.387.280.809;0.313159402;;;;;289;143.103.196;399.204.855
90;12;Simarouba;glauca;simgla;1;9.447.024.119;35.350.875;;;;;;;289;143.103.196;399.204.855
90;12;Spondias ;mombin;spomom;1;3.511.507.021;905.002.875;;;;;;;289;143.103.196;399.204.855
90;12;Stemmadenia;obovata;steobo;6;6.677.820.994;23.676.975;3.651.515.152;0.219311621;;1.068.028.475;4.565.335.178;-2.809.567.101;289;143.103.196;399.204.855
90;12;Tabebuea;ochracea;taboch;7;2.402.560.895;966.735;2.543.525.155;0.33741291;0.155633368;1.006.251.994;1.876.977.735;-3.070.583.252;289;143.103.196;399.204.855
90;12;Ficus;;fig;1;2.220.342.403;9.646.875;;;;;;;289;143.103.196;399.204.855
90;12;Tetracera;volubilis;tetvol;1;5.601.229.963;22.120.875;25.831.863;0.276635991;0.121439923;1.948.494.624;1.930.675.569;-329.043.988;289;143.103.196;399.204.855
90;12;Randia;monantha;;2;8.029.358.674;251.503.875;;;;;;;289;143.103.196;399.204.855
120;13;Acacia;collinsii;acacol;1;1.818.162.373;8.064;;;;;;;243;1.422.200.374;3.573.299.363
120;13;Astronium;graveolens ;astgra;2;1.198.945.612;4.650.975;278.8;;0.100536737;26.2;-1.3;-31.8;243;1.422.200.374;3.573.299.363
120;13;Tabebuea;ochracea;taboch;3;7.945.118.154;2.636.235;2.543.525.155;0.33741291;0.155633368;1.006.251.994;1.876.977.735;-3.070.583.252;243;1.422.200.374;3.573.299.363
120;13;Brosimum ;alicastrum;broali;7;4.681.738.677;17.714.025;157.3;0.425457941;0.086152574;25.9;0.6;-31.6;243;1.422.200.374;3.573.299.363
120;13;Calycophyllum;candidissimum;calcan;2;8.358.773.835;33.894;;;;;;;243;1.422.200.374;3.573.299.363
120;13;Casearia;sylvestris ;cassyl;2;338.405.117;118.983.375;2.148.703.296;0.307936055;0.124110098;1.456.351.412;-0.15720577;-3.201.232.475;243;1.422.200.374;3.573.299.363
120;13;Cecropia;peltata;cecpel;2;1.443.091.067;5.539.275;;;;;;;243;1.422.200.374;3.573.299.363
120;13;Chomelia;spinosa;chospi;1;1.574.449.053;70.875;;;;;;;243;1.422.200.374;3.573.299.363
120;13;Dipterodendron;costaricensis;dipcos;4;8.277.953.421;2.019.835.125;132.2;;0.079935738;21.6;-1;-30.3;243;1.422.200.374;3.573.299.363
120;13;Enterolobium;cyclocarpum;entcyc;1;240.350.189;6.441.435;;;;;;;243;1.422.200.374;3.573.299.363
120;13;Faramea;occidentalis;farocc;2;533.452.347;22.743;1.561.166.716;0.384425793;0.078802228;23.4;-0.5;-31.5;243;1.422.200.374;3.573.299.363
120;13;Guettarda;macrosperma ;guamac;2;1.424.204.347;413.406;;;;;;;243;1.422.200.374;3.573.299.363
120;13;Hirtella;racemosa;hirrac;43;1.966.727.093;76.455.225;1.201.208.333;0.401122924;0.101117487;19.2;-0.4;-31.1;243;1.422.200.374;3.573.299.363
120;13;Hymenaea;courbaril;hymcou;2;8.303.728.553;2.082.661.875;;;;;;;243;1.422.200.374;3.573.299.363
120;13;Luehea;speciosa;luespe;2;1.051.619.022;2.484.444.375;264.017.384;0.341848748;0.082984505;2.254.502.892;-0.763735614;-313.921.265;243;1.422.200.374;3.573.299.363
120;13;Malpighia;glabra;malgla;47;3.745.491.191;1.373.770.125;1.420.524.804;0.463743049;0.075320062;278.139.063;209.150.701;-3.322.893.814;243;1.422.200.374;3.573.299.363
120;13;Manilkara;chicle;manchi;8;4.162.548.411;986.909.175;1.153.816.821;0.413329613;0.054973963;2.688.873.427;1.098.771.103;-3.178.734.879;243;1.422.200.374;3.573.299.363
120;13;Mouriri;myrtilloides;moumyr;45;5.035.343.755;1.777.647.375;1.595.499.608;0.442967715;0.087771447;252.583;;-331.401;243;1.422.200.374;3.573.299.363
120;13;Ocotea;veraguensis;ocover;1;2.411.718.402;819.315;2.251.949.495;;0.069819947;23.4;-0.4;-31.2;243;1.422.200.374;3.573.299.363
120;13;Picramnia ;quaternaria;picqua;9;6.497.347.072;246.542.625;195.714.597;0.434567666;0.104919853;1.910.601.909;2.207.902.365;-3.332.553.009;243;1.422.200.374;3.573.299.363
120;13;Randia;subcordata;ransub;2;6.649.060.507;27.601.875;;;;;;;243;1.422.200.374;3.573.299.363
120;13;Sebastiania ;pavoniana;sebpav;10;1.075.394.703;377.834.625;1.713.781.772;0.415754383;0.082246063;1.390.029.276;0.013921144;-3.035.162.056;243;1.422.200.374;3.573.299.363
120;13;Sloanea;terniflora;sloter;3;8.428.039.149;20.251.035;1.271.876.228;;0.064495399;25.2;-0.2;-30.8;243;1.422.200.374;3.573.299.363
120;13;Ficus;;stranfig;13;4.496.654.711;10.239.327;;;;;;;243;1.422.200.374;3.573.299.363
120;13;Tetracera;volubilis;tetvol;29;1.457.881.112;571.662;3.079.108.931;0.245093458;0.144934107;1.615.978.024;0.827061124;-3.234.688.858;243;1.422.200.374;3.573.299.363
120;14;Alibertia ;edulis;aliedu;3;4.326.436.605;1.960.875;1.303.512.675;0.384820558;0.077098237;2.102.328.181;0.619483371;-3.111.441.456;223;2.362.995.449;5.345.249.963
120;14;Annona;purpurea ;annpur;1;3.728.022.905;121.086;3.639.125.683;;0.103011769;18.7;-0.1;-31.5;223;2.362.995.449;5.345.249.963
120;14;Brosimum ;alicastrum;broali;21;4.114.899.128;90.051.255;1.764.540.959;0.425457941;0.086152574;2.592.832.494;;-3.155.764.526;223;2.362.995.449;5.345.249.963
120;14;Bursera;simaruba;bursim;1;1.288.316.388;46.690.875;2.033.617.275;0.241431789;0.169781997;1.308.879.774;0.964060743;-318.976.548;223;2.362.995.449;5.345.249.963
120;14;Calycophyllum;candidissimum;calcan;5;6.213.028.238;222.791.625;3.551.358.465;0.180176377;;;;;223;2.362.995.449;5.345.249.963
120;14;Castilla ;elastica;casela;5;733.453.677;193.827.375;1.647.466.283;0.246595786;0.100027924;2.190.827.439;;-2.839.787.033;223;2.362.995.449;5.345.249.963
120;14;Coccoloba ;guanacastensis;cocgua;21;3.548.598.132;12.018.825;1.514.405.143;0.456174432;0.085994104;1.812.249.739;3.000.729.017;-3.366.170.792;223;2.362.995.449;5.345.249.963
120;14;Cordia;panamensis;corpan;1;1.325.925.668;479.115;2.910.913.978;;0.096017128;16.3;0;-31;223;2.362.995.449;5.345.249.963
120;14;Cupania;guatemalensis;cupgua;3;1.433.122.565;4.530.015;1.830.742.424;;0.121618168;16;0.8;-31.9;223;2.362.995.449;5.345.249.963
120;14;Guettarda;macrosperma ;guamac;2;2.184.252.362;79.128;369.6;;0.1;18.3;0.5;-34;223;2.362.995.449;5.345.249.963
120;14;Hymenaea;courbaril;hymcou;5;1.275.485.891;2.604.926.363;120.9;;0.061577816;24.4;-0.8;-30.8;223;2.362.995.449;5.345.249.963
120;14;Ixora;floribunda;ixoflo;3;4.946.495.943;174.013.875;1.270.411.646;0.358056117;;;;;223;2.362.995.449;5.345.249.963
120;14;Malpighia;glabra;malgla;12;3.821.291.732;157.460.625;1.445.693.556;0.407812007;0.075320062;278.139.063;209.150.701;-3.322.893.814;223;2.362.995.449;5.345.249.963
120;14;Lonchocarpus ;;loncho;1;823.526.615;31.255.875;;;;;;;223;2.362.995.449;5.345.249.963
120;14;Manilkara;chicle;manchi;8;3.722.218.858;1.049.241.375;1.211.904.983;0.392717718;0.054973963;2.688.873.427;1.098.771.103;-3.178.734.879;223;2.362.995.449;5.345.249.963
120;14;Mouriri;myrtilloides;moumyr;100;8.584.564.889;30.985.605;1.595.499.608;0.442967715;0.087771447;2.525.830.575;;-3.314.011.169;223;2.362.995.449;5.345.249.963
120;14;Picramnia ;quaternaria;picqua;12;9.194.660.856;341.688.375;2.140.532.054;0.387852405;0.104919853;1.910.601.909;2.207.902.365;-3.332.553.009;223;2.362.995.449;5.345.249.963
120;14;Samanea ;saman;samsam;1;2.213.301.388;47.177.235;;;;;;;223;2.362.995.449;5.345.249.963
120;14;Tabebuea;ochracea;taboch;1;8.665.057.243;257.992.875;2.543.525.155;0.33741291;0.155633368;1.006.251.994;1.876.977.735;-3.070.583.252;223;2.362.995.449;5.345.249.963
120;14;Spondias ;mombin;spomom;2;879.519.907;2.151.835.875;;;0.113745;18.8;3.4;-30.3;223;2.362.995.449;5.345.249.963
120;14;Ficus;;stranfig;5;5.041.685.126;1.466.128.125;;;;;;;223;2.362.995.449;5.345.249.963
120;14;Pseudobombax;sudobomb;pseudobom;1;1.860.941.909;512.071.875;;;;;;;223;2.362.995.449;5.345.249.963
120;14;Acosmium;panamense;acopan;3;5.786.620.898;19.014.975;;;;;;;223;2.362.995.449;5.345.249.963
120;14;Tetracera;volubilis;tetvol;5;1.745.064.637;71.701.875;3.070.473.148;0.254156362;0.144934107;1.615.978.024;0.827061124;-3.234.688.858;223;2.362.995.449;5.345.249.963
120;14;Zanthoxylum;setulosum;zanset;1;1.325.925.668;479.115;2.308.944.785;;0.118434265;20.6;0.5;-29.2;223;2.362.995.449;5.345.249.963
